-- phpMyAdmin SQL Dump
-- version 5.1.3
-- https://www.phpmyadmin.net/
--
-- Servidor: 127.0.0.1
-- Tiempo de generación: 20-04-2022 a las 20:43:30
-- Versión del servidor: 10.4.24-MariaDB
-- Versión de PHP: 7.4.28

SET SQL_MODE = "NO_AUTO_VALUE_ON_ZERO";
START TRANSACTION;
SET time_zone = "+00:00";


/*!40101 SET @OLD_CHARACTER_SET_CLIENT=@@CHARACTER_SET_CLIENT */;
/*!40101 SET @OLD_CHARACTER_SET_RESULTS=@@CHARACTER_SET_RESULTS */;
/*!40101 SET @OLD_COLLATION_CONNECTION=@@COLLATION_CONNECTION */;
/*!40101 SET NAMES utf8mb4 */;

--
-- Base de datos: `db_tiendavirtual`
--

-- --------------------------------------------------------

--
-- Estructura de tabla para la tabla `categoria`
--

CREATE TABLE `categoria` (
  `idcategoria` bigint(20) NOT NULL,
  `nombre` varchar(255) COLLATE utf8mb4_swedish_ci NOT NULL,
  `descripcion` text COLLATE utf8mb4_swedish_ci NOT NULL,
  `portada` varchar(100) COLLATE utf8mb4_swedish_ci NOT NULL,
  `datecreated` datetime NOT NULL DEFAULT current_timestamp(),
  `ruta` varchar(255) COLLATE utf8mb4_swedish_ci NOT NULL,
  `status` int(11) NOT NULL DEFAULT 1
) ENGINE=InnoDB DEFAULT CHARSET=utf8mb4 COLLATE=utf8mb4_swedish_ci;

--
-- Volcado de datos para la tabla `categoria`
--

INSERT INTO `categoria` (`idcategoria`, `nombre`, `descripcion`, `portada`, `datecreated`, `ruta`, `status`) VALUES
(1, 'Yogur', 'El mejor yogur del mundo', 'img_0ed7c203add4a8870860079cc09ba11f.jpg', '2020-10-23 03:14:08', 'yogur', 1),
(2, 'Blusas', 'Las chicas perfectas', 'img_0cfe5f3fa32025aff7b350219f15e20d.jpg', '2020-10-23 03:17:26', 'blusas', 1),
(3, 'Jeans', 'Lo mejor en Jeans', 'img_6cfc2c38c15593e36a5e41795ea1de32.jpg', '2020-10-23 03:17:42', 'jeans', 1),
(4, 'Caballero', 'Productos para caballeros', 'img_a939c8d8ca5784159a43d0d82b80582d.jpg', '2020-10-28 03:45:12', 'caballero', 1),
(5, 'Damas', 'Productos para damas', 'img_5dafcd6ec18901c147c7cfde850a1ab1.jpg', '2020-10-30 03:05:09', 'damas', 1),
(6, 'Accesorios', 'Accesorios varios', 'img_84f83e4988f31e6fd25e9d2df04d3f7f.jpg', '2020-11-14 00:21:15', 'accesorios', 1),
(7, 'Categoria ejemplo', 'Descripción categoría ejemplo', 'portada_categoria.png', '2020-12-05 22:38:27', 'categoria-ejemplo', 1),
(8, 'Caterogía 20', 'Descripción', 'portada_categoria.png', '2020-12-05 23:00:16', 'caterogia-20', 1),
(9, 'Juguetes', 'Descripción de los jueguetes', 'portada_categoria.png', '2021-05-20 01:50:17', 'juguetes', 1),
(10, 'Lácteos', 'Leche DELA de la mejor calidad', 'img_27e42aaab12a4ca4ec85e52cf6dee9d5.jpg', '2022-04-18 11:26:49', 'lacteos', 1);

-- --------------------------------------------------------

--
-- Estructura de tabla para la tabla `contacto`
--

CREATE TABLE `contacto` (
  `id` bigint(20) NOT NULL,
  `nombre` varchar(200) COLLATE utf8mb4_swedish_ci NOT NULL,
  `email` varchar(200) COLLATE utf8mb4_swedish_ci NOT NULL,
  `mensaje` text COLLATE utf8mb4_swedish_ci NOT NULL,
  `ip` varchar(15) COLLATE utf8mb4_swedish_ci NOT NULL,
  `dispositivo` varchar(25) COLLATE utf8mb4_swedish_ci NOT NULL,
  `useragent` text COLLATE utf8mb4_swedish_ci NOT NULL,
  `datecreated` datetime NOT NULL DEFAULT current_timestamp()
) ENGINE=InnoDB DEFAULT CHARSET=utf8mb4 COLLATE=utf8mb4_swedish_ci;

--
-- Volcado de datos para la tabla `contacto`
--

INSERT INTO `contacto` (`id`, `nombre`, `email`, `mensaje`, `ip`, `dispositivo`, `useragent`, `datecreated`) VALUES
(6, 'Xd', 'asda@gmail.com', 'xd', '::1', 'PC', 'Mozilla/5.0 (Windows NT 10.0; Win64; x64) AppleWebKit/537.36 (KHTML, like Gecko) Chrome/99.0.4844.51 Safari/537.36 Edg/99.0.1150.39', '2022-04-20 11:33:47');

-- --------------------------------------------------------

--
-- Estructura de tabla para la tabla `detalle_pedido`
--

CREATE TABLE `detalle_pedido` (
  `id` bigint(20) NOT NULL,
  `pedidoid` bigint(20) NOT NULL,
  `productoid` bigint(20) NOT NULL,
  `precio` decimal(11,2) NOT NULL,
  `cantidad` int(11) NOT NULL
) ENGINE=InnoDB DEFAULT CHARSET=utf8mb4 COLLATE=utf8mb4_swedish_ci;

--
-- Volcado de datos para la tabla `detalle_pedido`
--

INSERT INTO `detalle_pedido` (`id`, `pedidoid`, `productoid`, `precio`, `cantidad`) VALUES
(131, 62, 15, '9.00', 5);

-- --------------------------------------------------------

--
-- Estructura de tabla para la tabla `detalle_temp`
--

CREATE TABLE `detalle_temp` (
  `id` bigint(20) NOT NULL,
  `personaid` bigint(20) NOT NULL,
  `productoid` bigint(20) NOT NULL,
  `precio` decimal(11,2) NOT NULL,
  `cantidad` int(11) NOT NULL,
  `transaccionid` varchar(255) COLLATE utf8mb4_swedish_ci NOT NULL
) ENGINE=InnoDB DEFAULT CHARSET=utf8mb4 COLLATE=utf8mb4_swedish_ci;

-- --------------------------------------------------------

--
-- Estructura de tabla para la tabla `imagen`
--

CREATE TABLE `imagen` (
  `id` bigint(20) NOT NULL,
  `productoid` bigint(20) NOT NULL,
  `img` varchar(100) COLLATE utf8mb4_swedish_ci NOT NULL
) ENGINE=InnoDB DEFAULT CHARSET=utf8mb4 COLLATE=utf8mb4_swedish_ci;

--
-- Volcado de datos para la tabla `imagen`
--

INSERT INTO `imagen` (`id`, `productoid`, `img`) VALUES
(3, 3, 'pro_e702903506bd14ecc0e5645cc8a308d2.jpg'),
(4, 3, 'pro_c3abd10d62fa7b01e8dfd61e18118913.jpg'),
(5, 4, 'pro_3e64800e9336055a0a58b69fdad32048.jpg'),
(6, 5, 'pro_bd7592482a91f4531d8a10ab3d815945.jpg'),
(7, 5, 'pro_d8444581afca144189dcfa8303dd58ee.jpg'),
(8, 7, 'pro_1abf3c3c00b89188b25e324dc39d6f62.jpg'),
(10, 8, 'pro_e0c8f0211ec0cf449278010dcbd64da6.jpg'),
(11, 8, 'pro_b4c0c0e77f29cbc207bd1f8bbeb30e02.jpg'),
(12, 7, 'pro_50458020b4d9ac78098be1649bcad5a8.jpg'),
(13, 9, 'pro_14b6a7a08d0aa5a2b779db08bc35c439.jpg'),
(19, 2, 'pro_25bff00db4ed6a2e028cb28195cfa649.jpg'),
(20, 2, 'pro_75f4d282b2735d59287c551e6c2a094e.jpg'),
(21, 6, 'pro_bba122841772a79d9089efe260b0d585.jpg'),
(22, 6, 'pro_bf14fed939b2da088255727ede14a1f8.jpg'),
(24, 10, 'pro_6c0537968a89765773d91230daef622a.jpg'),
(25, 10, 'pro_e3345c10650826ea67447733e65e63a8.jpg'),
(27, 11, 'pro_2742b9f94da4267903f22e05a1ed08d4.jpg'),
(28, 11, 'pro_b9b6a5888dd066a017b0e20ca68eee5d.jpg'),
(29, 11, 'pro_ecad1c55690162bc9e1ed58c767f3987.jpg'),
(30, 12, 'pro_d1d4ad5e1603d3c15a440e5dd4c5cb0c.jpg'),
(31, 12, 'pro_c6f6b5eea4c76ed9bc3a58472c6468b7.jpg'),
(32, 12, 'pro_c5b9a923e22639730766f5b9a88773fd.jpg'),
(33, 12, 'pro_616b30feafb00faca08cb1019150610f.jpg'),
(35, 13, 'pro_c820f0c056787c3d172711fb10d1f14a.jpg'),
(36, 13, 'pro_e3a6cb1dd8d87357c40b8e9d33e65821.jpg'),
(37, 14, 'pro_2faf402ee7a2f01e207282ed1f91b8fa.jpg'),
(38, 14, 'pro_2faf402ee7a2f01e207282ed1f91b8fa.jpg'),
(39, 15, 'pro_4c0adc0ef31573b683b1401a095e1161.jpg'),
(40, 16, 'pro_c6cab4a1f468ebf6c62d0531332dc919.jpg');

-- --------------------------------------------------------

--
-- Estructura de tabla para la tabla `modulo`
--

CREATE TABLE `modulo` (
  `idmodulo` bigint(20) NOT NULL,
  `titulo` varchar(50) COLLATE utf8mb4_swedish_ci NOT NULL,
  `descripcion` text COLLATE utf8mb4_swedish_ci NOT NULL,
  `status` int(11) NOT NULL DEFAULT 1
) ENGINE=InnoDB DEFAULT CHARSET=utf8mb4 COLLATE=utf8mb4_swedish_ci;

--
-- Volcado de datos para la tabla `modulo`
--

INSERT INTO `modulo` (`idmodulo`, `titulo`, `descripcion`, `status`) VALUES
(1, 'Dashboard', 'Dashboard', 1),
(2, 'Usuarios', 'Usuarios del sistema', 1),
(3, 'Clientes', 'Clientes de tienda', 1),
(4, 'Productos', 'Todos los productos', 1),
(5, 'Pedidos', 'Pedidos', 1),
(6, 'Caterogías', 'Caterogías Productos', 1),
(7, 'Suscriptores', 'Suscriptores del sitio web', 1),
(8, 'Contactos', 'Mensajes del formulario contacto', 1),
(9, 'Páginas', 'Páginas del sitio web', 1);

-- --------------------------------------------------------

--
-- Estructura de tabla para la tabla `pedido`
--

CREATE TABLE `pedido` (
  `idpedido` bigint(20) NOT NULL,
  `referenciacobro` varchar(255) COLLATE utf8mb4_swedish_ci DEFAULT NULL,
  `idtransaccionpaypal` varchar(255) COLLATE utf8mb4_swedish_ci DEFAULT NULL,
  `datospaypal` text COLLATE utf8mb4_swedish_ci DEFAULT NULL,
  `personaid` bigint(20) NOT NULL,
  `fecha` datetime NOT NULL DEFAULT current_timestamp(),
  `costo_envio` decimal(10,2) NOT NULL DEFAULT 0.00,
  `monto` decimal(11,2) NOT NULL,
  `tipopagoid` bigint(20) NOT NULL,
  `direccion_envio` text COLLATE utf8mb4_swedish_ci NOT NULL,
  `status` varchar(100) COLLATE utf8mb4_swedish_ci DEFAULT NULL
) ENGINE=InnoDB DEFAULT CHARSET=utf8mb4 COLLATE=utf8mb4_swedish_ci;

--
-- Volcado de datos para la tabla `pedido`
--

INSERT INTO `pedido` (`idpedido`, `referenciacobro`, `idtransaccionpaypal`, `datospaypal`, `personaid`, `fecha`, `costo_envio`, `monto`, `tipopagoid`, `direccion_envio`, `status`) VALUES
(62, '7081693162', NULL, NULL, 1, '2022-04-18 17:59:17', '50.00', '95.00', 3, 'Av. Condoray Calle Libertad #38, San Vicente de Cañete', 'Completo');

-- --------------------------------------------------------

--
-- Estructura de tabla para la tabla `permisos`
--

CREATE TABLE `permisos` (
  `idpermiso` bigint(20) NOT NULL,
  `rolid` bigint(20) NOT NULL,
  `moduloid` bigint(20) NOT NULL,
  `r` int(11) NOT NULL DEFAULT 0,
  `w` int(11) NOT NULL DEFAULT 0,
  `u` int(11) NOT NULL DEFAULT 0,
  `d` int(11) NOT NULL DEFAULT 0
) ENGINE=InnoDB DEFAULT CHARSET=utf8mb4 COLLATE=utf8mb4_swedish_ci;

--
-- Volcado de datos para la tabla `permisos`
--

INSERT INTO `permisos` (`idpermiso`, `rolid`, `moduloid`, `r`, `w`, `u`, `d`) VALUES
(933, 1, 1, 1, 0, 0, 0),
(934, 1, 2, 1, 1, 1, 1),
(935, 1, 3, 1, 1, 1, 1),
(936, 1, 4, 1, 1, 1, 1),
(937, 1, 5, 1, 1, 1, 1),
(938, 1, 6, 1, 1, 1, 1),
(939, 1, 7, 1, 1, 1, 1),
(940, 1, 8, 1, 1, 1, 1),
(941, 1, 9, 1, 1, 1, 1);

-- --------------------------------------------------------

--
-- Estructura de tabla para la tabla `persona`
--

CREATE TABLE `persona` (
  `idpersona` bigint(20) NOT NULL,
  `identificacion` varchar(30) COLLATE utf8mb4_swedish_ci DEFAULT NULL,
  `nombres` varchar(80) COLLATE utf8mb4_swedish_ci NOT NULL,
  `apellidos` varchar(100) COLLATE utf8mb4_swedish_ci NOT NULL,
  `telefono` bigint(20) NOT NULL,
  `email_user` varchar(100) COLLATE utf8mb4_swedish_ci NOT NULL,
  `password` varchar(75) COLLATE utf8mb4_swedish_ci NOT NULL,
  `nit` varchar(20) COLLATE utf8mb4_swedish_ci DEFAULT NULL,
  `nombrefiscal` varchar(80) COLLATE utf8mb4_swedish_ci DEFAULT NULL,
  `direccionfiscal` varchar(100) COLLATE utf8mb4_swedish_ci DEFAULT NULL,
  `token` varchar(100) COLLATE utf8mb4_swedish_ci DEFAULT NULL,
  `rolid` bigint(20) NOT NULL,
  `datecreated` datetime NOT NULL DEFAULT current_timestamp(),
  `status` int(11) NOT NULL DEFAULT 1
) ENGINE=InnoDB DEFAULT CHARSET=utf8mb4 COLLATE=utf8mb4_swedish_ci;

--
-- Volcado de datos para la tabla `persona`
--

INSERT INTO `persona` (`idpersona`, `identificacion`, `nombres`, `apellidos`, `telefono`, `email_user`, `password`, `nit`, `nombrefiscal`, `direccionfiscal`, `token`, `rolid`, `datecreated`, `status`) VALUES
(1, '70816931', 'Carlos Enrique', 'Humareda Condor', 962619020, 'cervepixel@gmail.com', '8d969eef6ecad3c29a3a629280e686cf0c3f5d5a86aff3ca12020c923adc6c92', '24252622', 'Abel OSH', 'Antigua Guatemala', '3fd1f6379e675cb288cd-dd1eb114781ca2be7913-a5b75aafeb01cf5bb6b1-8ee21ebedcc3692c1c97', 1, '2020-08-13 00:51:44', 1),
(4, '65465465', 'Jorge David', 'Arana', 987846545, 'jorge@info.com', '8d969eef6ecad3c29a3a629280e686cf0c3f5d5a86aff3ca12020c923adc6c92', '', '', '', '', 1, '2020-08-22 00:27:17', 0);

-- --------------------------------------------------------

--
-- Estructura de tabla para la tabla `post`
--

CREATE TABLE `post` (
  `idpost` bigint(20) NOT NULL,
  `titulo` varchar(255) COLLATE utf8mb4_swedish_ci NOT NULL,
  `contenido` text COLLATE utf8mb4_swedish_ci NOT NULL,
  `portada` varchar(100) COLLATE utf8mb4_swedish_ci DEFAULT NULL,
  `datecreate` datetime NOT NULL DEFAULT current_timestamp(),
  `ruta` varchar(255) COLLATE utf8mb4_swedish_ci NOT NULL,
  `status` int(11) NOT NULL DEFAULT 1
) ENGINE=InnoDB DEFAULT CHARSET=utf8mb4 COLLATE=utf8mb4_swedish_ci;

--
-- Volcado de datos para la tabla `post`
--

INSERT INTO `post` (`idpost`, `titulo`, `contenido`, `portada`, `datecreate`, `ruta`, `status`) VALUES
(1, 'Inicio', '<div class=\"p-t-80\"> <h3 class=\"ltext-103 cl5\">Nuestras marcas</h3> </div> <div> <p>Trabajamos con las mejores marcas del mundo ...</p> </div> <div class=\"row\"> <div class=\"col-md-3\"><img src=\"Assets/images/m1.png\" alt=\"Marca 1\" width=\"110\" height=\"110\" /></div> <div class=\"col-md-3\"><img src=\"Assets/images/m2.png\" alt=\"Marca 2\" /></div> <div class=\"col-md-3\"><img src=\"Assets/images/m3.png\" alt=\"Marca 3\" /></div> <div class=\"col-md-3\"><img src=\"Assets/images/m4.png\" alt=\"Marca 4\" /></div> </div>', '', '2021-07-20 02:40:15', 'inicio', 1),
(2, 'Tienda', '<p>Contenido p&aacute;gina!</p>', '', '2021-08-06 01:21:27', 'tienda', 1),
(3, 'Carrito', '<p>Contenido p&aacute;gina!</p>', '', '2021-08-06 01:21:52', 'carrito', 1),
(4, 'Nosotros', '<section class=\"bg0 p-t-75 p-b-120\"> <div class=\"container\"> <div class=\"row p-b-148\"> <div class=\"col-md-7 col-lg-8\"> <div class=\"p-t-7 p-r-85 p-r-15-lg p-r-0-md\"> <h3 class=\"mtext-111 cl2 p-b-16\">Historia</h3> <p class=\"stext-113 cl6 p-b-26\">Lorem ipsum dolor sit amet, consectetur adipiscing elit. Mauris consequat consequat enim, non auctor massa ultrices non. Morbi sed odio massa. Quisque at vehicula tellus, sed tincidunt augue. Orci varius natoque penatibus et magnis dis parturient montes, nascetur ridiculus mus. Maecenas varius egestas diam, eu sodales metus scelerisque congue. Pellentesque habitant morbi tristique senectus et netus et malesuada fames ac turpis egestas. Maecenas gravida justo eu arcu egestas convallis. Nullam eu erat bibendum, tempus ipsum eget, dictum enim. Donec non neque ut enim dapibus tincidunt vitae nec augue. Suspendisse potenti. Proin ut est diam. Donec condimentum euismod tortor, eget facilisis diam faucibus et. Morbi a tempor elit.</p> <p class=\"stext-113 cl6 p-b-26\">Donec gravida lorem elit, quis condimentum ex semper sit amet. Fusce eget ligula magna. Aliquam aliquam imperdiet sodales. Ut fringilla turpis in vehicula vehicula. Pellentesque congue ac orci ut gravida. Aliquam erat volutpat. Donec iaculis lectus a arcu facilisis, eu sodales lectus sagittis. Etiam pellentesque, magna vel dictum rutrum, neque justo eleifend elit, vel tincidunt erat arcu ut sem. Sed rutrum, turpis ut commodo efficitur, quam velit convallis ipsum, et maximus enim ligula ac ligula.</p> <p class=\"stext-113 cl6 p-b-26\">Any questions? Let us know in store at 8th floor, 379 Hudson St, New York, NY 10018 or call us on (+1) 96 716 6879</p> </div> </div> <div class=\"col-11 col-md-5 col-lg-4 m-lr-auto\"> <div class=\"how-bor1 \"> <div class=\"hov-img0\"><img src=\"https://cdn.pixabay.com/photo/2015/07/17/22/43/student-849825_1280.jpg\" alt=\"IMG\" width=\"500\" height=\"333\" /></div> </div> </div> </div> <div class=\"row\"> <div class=\"order-md-2 col-md-7 col-lg-8 p-b-30\"> <div class=\"p-t-7 p-l-85 p-l-15-lg p-l-0-md\"> <h2 class=\"mtext-111 cl2 p-b-16\"><span style=\"color: #236fa1;\">Nuestra Misi&oacute;n</span></h2> <p class=\"stext-113 cl6 p-b-26\">Mauris non lacinia magna. Sed nec lobortis dolor. Vestibulum rhoncus dignissim risus, sed consectetur erat. Pellentesque habitant morbi tristique senectus et netus et malesuada fames ac turpis egestas. Nullam maximus mauris sit amet odio convallis, in pharetra magna gravida. Praesent sed nunc fermentum mi molestie tempor. Morbi vitae viverra odio. Pellentesque ac velit egestas, luctus arcu non, laoreet mauris. Sed in ipsum tempor, consequat odio in, porttitor ante. Ut mauris ligula, volutpat in sodales in, porta non odio. Pellentesque tempor urna vitae mi vestibulum, nec venenatis nulla lobortis. Proin at gravida ante. Mauris auctor purus at lacus maximus euismod. Pellentesque vulputate massa ut nisl hendrerit, eget elementum libero iaculis.</p> <div class=\"bor16 p-l-29 p-b-9 m-t-22\"> <p class=\"stext-114 cl6 p-r-40 p-b-11\">Creativity is just connecting things. When you ask creative people how they did something, they feel a little guilty because they didn\'t really do it, they just saw something. It seemed obvious to them after a while.</p> <span class=\"stext-111 cl8\"> - Steve Job&rsquo;s </span></div> </div> </div> <div class=\"order-md-1 col-11 col-md-5 col-lg-4 m-lr-auto p-b-30\"> <div class=\"how-bor2\"> <div class=\"hov-img0\"><img src=\"https://cdn.pixabay.com/photo/2015/07/17/22/43/student-849822_1280.jpg\" alt=\"IMG\" width=\"500\" height=\"333\" /></div> </div> </div> </div> </div> </section>', 'img_2f644b056a9fd3624c7595d24b1d9273.jpg', '2021-08-09 03:09:44', 'nosotros', 1),
(5, 'Contacto', '<div class=\"map\"><iframe style=\"border: 0;\" src=\"https://www.google.com/maps/embed?pb=!1m18!1m12!1m3!1d3861.685802352331!2d-90.73646108521129!3d14.559951589828378!2m3!1f0!2f0!3f0!3m2!1i1024!2i768!4f13.1!3m3!1m2!1s0x85890e74b3771e19%3A0x68ec9eeea79fd9a7!2sEl%20Arco%20de%20Santa%20Catalina!5e0!3m2!1ses!2sgt!4v1624005005655!5m2!1ses!2sgt\" width=\"100%\" height=\"600\" allowfullscreen=\"allowfullscreen\" loading=\"lazy\"></iframe></div>', 'img_3024f13dc010ffab8c22da05ac6a32b9.jpg', '2021-08-09 03:11:08', 'contacto', 1),
(6, 'Preguntas frecuentes', '<ol> <li><strong>&iquest;Cu&aacute;l es el tiempo de entrega de los producto? </strong>Lorem ipsum dolor sit amet consectetur adipisicing elit. Nobis sunt, corrupti hic aspernatur cumque alias, ipsam omnis iure ipsum, nostrum labore obcaecati natus repellendus consequatur est nemo sapiente dolorem dicta. Lorem, ipsum dolor sit amet consectetur adipisicing elit. Commodi, voluptas, consectetur iusto delectus quaerat ullam nesciunt! Quae doloribus deserunt qui fugit illo nobis ipsum, accusamus eius perferendis beatae culpa molestias!</li> <li><strong>&iquest;C&oacute;mo es la forma de env&iacute;o de los productos?</strong> Lorem ipsum dolor sit amet consectetur adipisicing elit. Nobis sunt, corrupti hic aspernatur cumque alias, ipsam omnis iure ipsum, nostrum labore obcaecati natus repellendus consequatur est nemo sapiente dolorem dicta. Lorem, ipsum dolor sit amet consectetur adipisicing elit. Commodi, voluptas, consectetur.</li> <li><strong>&iquest;Cu&aacute;l es el tiempo m&aacute;ximo para solicitar un reembolso?</strong> Lorem ipsum dolor sit amet consectetur adipisicing elit. Nobis sunt, corrupti hic aspernatur cumque alias, ipsam omnis iure ipsum, nostrum labore obcaecati natus repellendus consequatur est nemo sapiente dolorem dicta. Lorem, ipsum dolor sit amet consectetur adipisicing elit. Commodi, voluptas, consectetur iusto delectus quaerat ullam nesciunt!</li> </ol> <p>&nbsp;</p> <p>Otras preguntas</p> <ul> <li><strong>&iquest;Qu&eacute; formas de pago aceptan? </strong><span style=\"color: #666666; font-family: Arial, sans-serif; font-size: 15px; font-style: normal; font-variant-ligatures: normal; font-variant-caps: normal; font-weight: 400; letter-spacing: normal; orphans: 2; text-align: left; text-indent: 0px; text-transform: none; white-space: normal; widows: 2; word-spacing: 0px; -webkit-text-stroke-width: 0px; background-color: #ffffff; text-decoration-thickness: initial; text-decoration-style: initial; text-decoration-color: initial; display: inline !important; float: none;\">Corrupti hic aspernatur cumque alias, ipsam omnis iure ipsum, nostrum labore obcaecati natus repellendus consequatur est nemo sapiente dolorem dicta. Lorem, ipsum dolor sit amet consectetur adipisicing elit. Commodi, voluptas, consectetur iusto delectus quaerat ullam nesciunt! Quae doloribus deserunt qui fugit illo nobis ipsum, accusamus eius perferendis beatae culpa molestias!</span></li> </ul>', '', '2021-08-11 01:24:19', 'preguntas-frecuentes', 1),
(7, 'Términos y Condiciones', '<p>A continuaci&oacute;n se describen los t&eacute;rmino y condiciones de la Tienda Virtual!</p> <ol> <li>Pol&iacute;tica uno</li> <li>Termino dos</li> <li>Condici&oacute;n tres</li> </ol> <p>Lorem ipsum dolor sit amet consectetur adipisicing elit. Nobis sunt, corrupti hic aspernatur cumque alias, ipsam omnis iure ipsum, nostrum labore obcaecati natus repellendus consequatur est nemo sapiente dolorem dicta. Lorem, ipsum dolor sit amet consectetur adipisicing elit. Commodi, voluptas, consectetur iusto delectus quaerat ullam nesciunt! Quae doloribus deserunt qui fugit illo nobis ipsum, accusamus eius perferendis beatae culpa molestias!</p>', '', '2021-08-11 01:51:06', 'terminos-y-condiciones', 1),
(8, 'Sucursales', '<section class=\"py-5 text-center\"> <div class=\"container\"> <p>Visitanos y obten los mejores precios del mercado, cualquier art&iacute;culo que necestas para vivir mejor</p> <a class=\"btn btn-info\" href=\"../../tienda_virtual/tienda\">VER PRODUCTOS</a></div> </section> <div class=\"py-5 bg-light\"> <div class=\"container\"> <div class=\"row\"> <div class=\"col-md-4\"> <div class=\"card mb-4 box-shadow hov-img0\"><img src=\"https://abelosh.com/tienda_virtual/Assets/images/s1.jpg\" alt=\"Tienda Uno\" width=\"100%\" height=\"100%\" /> <div class=\"card-body\"> <p class=\"card-text\">Lorem ipsum dolor, sit amet consectetur adipisicing elit. Quaerat necessitatibus eligendi, soluta ipsa natus, at earum qui enim, illum doloremque, accusantium autem nemo est esse nulla neque eaque repellendus amet.</p> <p>Direcci&oacute;n: Antigua Gautemala <br />Tel&eacute;fono: 4654645 <br />Correo: info@abelosh.com</p> </div> </div> </div> <div class=\"col-md-4\"> <div class=\"card mb-4 box-shadow hov-img0\"><img src=\"https://abelosh.com/tienda_virtual/Assets/images/s2.jpg\" alt=\"Sucural dos\" width=\"100%\" height=\"100%\" /> <div class=\"card-body\"> <p class=\"card-text\">Lorem ipsum dolor, sit amet consectetur adipisicing elit. Quaerat necessitatibus eligendi, soluta ipsa natus, at earum qui enim, illum doloremque, accusantium autem nemo est esse nulla neque eaque repellendus amet.</p> <p>Direcci&oacute;n: Antigua Gautemala <br />Tel&eacute;fono: 4654645 <br />Correo: info@abelosh.com</p> </div> </div> </div> <div class=\"col-md-4\"> <div class=\"card mb-4 box-shadow hov-img0\"><img src=\"https://abelosh.com/tienda_virtual/Assets/images/s3.jpg\" alt=\"Sucural tres\" width=\"100%\" height=\"100%\" /> <div class=\"card-body\"> <p class=\"card-text\">Lorem ipsum dolor, sit amet consectetur adipisicing elit. Quaerat necessitatibus eligendi, soluta ipsa natus, at earum qui enim, illum doloremque, accusantium autem nemo est esse nulla neque eaque repellendus amet.</p> <p>Direcci&oacute;n: Antigua Gautemala <br />Tel&eacute;fono: 4654645 <br />Correo: info@abelosh.com</p> </div> </div> </div> </div> </div> </div>', 'img_d72cb5712933863e051dc9c7fac5e253.jpg', '2021-08-11 02:26:45', 'sucursales', 1),
(9, 'Not Found', '<h1>Error 404: P&aacute;gina no encontrada</h1> <p>No se encuentra la p&aacute;gina que ha solicitado.</p>', '', '2021-08-12 02:30:49', 'not-found', 1);

-- --------------------------------------------------------

--
-- Estructura de tabla para la tabla `producto`
--

CREATE TABLE `producto` (
  `idproducto` bigint(20) NOT NULL,
  `categoriaid` bigint(20) NOT NULL,
  `codigo` varchar(30) COLLATE utf8mb4_swedish_ci NOT NULL,
  `nombre` varchar(255) COLLATE utf8mb4_swedish_ci NOT NULL,
  `descripcion` text COLLATE utf8mb4_swedish_ci NOT NULL,
  `precio` decimal(11,2) NOT NULL,
  `stock` int(11) NOT NULL,
  `imagen` varchar(100) COLLATE utf8mb4_swedish_ci NOT NULL,
  `datecreated` datetime NOT NULL DEFAULT current_timestamp(),
  `ruta` varchar(255) COLLATE utf8mb4_swedish_ci NOT NULL,
  `status` int(11) NOT NULL DEFAULT 1
) ENGINE=InnoDB DEFAULT CHARSET=utf8mb4 COLLATE=utf8mb4_swedish_ci;

--
-- Volcado de datos para la tabla `producto`
--

INSERT INTO `producto` (`idproducto`, `categoriaid`, `codigo`, `nombre`, `descripcion`, `precio`, `stock`, `imagen`, `datecreated`, `ruta`, `status`) VALUES
(1, 4, '45684545', 'Producto 1', '<p>Descripci&oacute;n producto 1</p>', '200.00', 10, '', '2020-11-15 00:57:57', 'producto-1', 0),
(2, 3, '465456465', 'Producto 1', '<p>Descripci&oacute;n producto</p> <ul> <li>Uno</li> <li>Dos</li> </ul>', '110.00', 10, '', '2020-11-15 03:13:35', 'producto-1', 0),
(3, 1, '4654654', 'Producto Uno', '<p>Descripci&oacute;n producto uno</p> <table style=\"border-collapse: collapse; width: 100%;\" border=\"1\"> <tbody> <tr> <td style=\"width: 48.0244%;\">N&uacute;mero</td> <td style=\"width: 48.022%;\">Descripc&iacute;&oacute;n</td> </tr> <tr> <td style=\"width: 48.0244%;\">Uno</td> <td style=\"width: 48.022%;\">Peque&ntilde;o</td> </tr> <tr> <td style=\"width: 48.0244%;\">Dos</td> <td style=\"width: 48.022%;\">Mediano</td> </tr> <tr> <td style=\"width: 48.0244%;\">Tres</td> <td style=\"width: 48.022%;\">Grande</td> </tr> </tbody> </table>', '200.00', 50, '', '2020-11-15 03:19:15', 'producto-uno', 0),
(4, 2, '45654654', 'Producto 4', '<p>Descripci&oacute; producto</p>', '50.00', 0, '', '2020-11-23 02:59:44', 'producto-4', 0),
(5, 5, '6546546545', 'Producto 5', '<p>Aqu&iacute; va la descripci&oacute;n del producto</p> <ul> <li>Grande</li> <li>Peque&ntilde;o</li> <li>Mediano</li> </ul>', '1000.00', 10, '', '2020-11-23 03:22:35', 'producto-5', 0),
(6, 4, '646546547877', 'Producto 6', '<p>Descripci&oacute;n producto seis</p> <ul> <li>Uno</li> <li>Dos</li> <li>Tres</li> </ul> <p>&nbsp;</p>', '50.00', 10, '', '2020-11-23 03:38:55', 'producto-6', 0),
(7, 5, '65465454', 'Producto 7', '<p>Datos del producto</p>', '100.00', 10, '', '2020-11-23 03:39:59', 'producto-7', 0),
(8, 9, '6546545', 'Producto 8', '<p>Descripc&iacute;on</p>', '50.00', 10, '', '2020-11-23 03:43:29', 'producto-8', 0),
(9, 2, '546455456', 'Producto Nuevo', '<p>Datos del producto</p>', '120.00', 50, '', '2020-12-01 12:52:33', 'producto-nuevo', 0),
(10, 1, '654546544', 'Producto Nuevo', '<p>Descripc&oacute;n</p>', '470.00', 0, '', '2020-12-02 03:52:09', 'producto-nuevo', 0),
(11, 1, '4657897897', 'Reloj de pulsera', '<p style=\"text-align: justify;\">Cuentan con un mecanismo que funciona con pilar y se caracterizan por su enorme precisi&oacute;n gracias a una pieza de cuarzo que es la que se encarga de impulsar la mec&aacute;nica.</p> <p style=\"text-align: justify;\">En la actualidad, la mayor&iacute;a de los relojes de pulsera funcionan con mecanismos de cuarzo, que curiosamente fue un invento suizo que los japoneses supieron aprovechar en los a&ntilde;os setenta para hacerse con los due&ntilde;os del mercado mundial con firmas como Seiko, Orient, etc.</p> <p>&nbsp;</p>', '690.00', 50, '', '2020-12-06 02:30:02', 'reloj-de-pulsera', 0),
(12, 1, '4894647878', 'Chaqueta Azúl', '<p style=\"text-align: justify;\"><span style=\"color: #000000; font-family: arial, helvetica, sans-serif;\"><strong>Lorem Ipsum</strong> is simply dummy text of the printing and typesetting industry. Lorem Ipsum has been the industry\'s standard dummy text ever since the 1500s, when an unknown printer took a galley of type and scrambled it to make a type specimen book.</span> <a title=\"Google\" href=\"https://google.com\" target=\"_blank\" rel=\"noopener\">Ver m&aacute;s detalle&nbsp;</a></p> <ul> <li>Uno</li> <li>Dos</li> <li>Tres</li> </ul> <p><img style=\"display: block; margin-left: auto; margin-right: auto;\" src=\"https://abelosh.com/tienda_virtual/Assets/images/uploads/pro_d1d4ad5e1603d3c15a440e5dd4c5cb0c.jpg\" alt=\"\" width=\"188\" height=\"233\" /></p> <p>It has survived not only five centuries, but also the leap into electronic typesetting, remaining essentially unchanged. It was popularised in the 1960s with the release of Letraset sheets containing Lorem Ipsum passages, and more recently with desktop publishing software like Aldus PageMaker including versions of Lorem Ipsum.</p> <p><iframe src=\"https://www.youtube.com/embed/75xiD6yDcMM\" width=\"450\" height=\"340\" allowfullscreen=\"allowfullscreen\"></iframe></p>', '250.00', 10, '', '2020-12-11 02:23:22', 'chaqueta-azul', 0),
(13, 1, '4654654564', 'Producto nuevo Ruta AX-1', '<p>Descripci&oacute;n producto Nuevo</p>', '150.00', 5, '', '2020-12-18 00:44:28', 'producto-nuevo-ruta-ax-1', 0),
(14, 10, '234235235', 'Yogur de Fresa', '<p>Yogur elaborado con leche fresca de la mejor calidad.<br /><br />Utilizamos fresa de la mejor calidad.</p>', '8.00', 5, '', '2022-04-18 11:30:42', 'yogur-de-fresa', 0),
(15, 10, '34985734895', 'Yogur de Fresa', '<p>Delicioso Yogur con sabor a fresa</p>', '9.00', 50, '', '2022-04-18 17:57:23', 'yogur-de-fresa', 1),
(16, 10, '78568454', 'Yogur de Arandanos', '<p>Delioso yogur hecho a base de ar&aacute;ndanos de la mejor calidad.</p>', '10.00', 30, '', '2022-04-18 18:04:36', 'yogur-de-arandanos', 1);

-- --------------------------------------------------------

--
-- Estructura de tabla para la tabla `reembolso`
--

CREATE TABLE `reembolso` (
  `id` bigint(20) NOT NULL,
  `pedidoid` bigint(20) NOT NULL,
  `idtransaccion` varchar(255) COLLATE utf8mb4_swedish_ci NOT NULL,
  `datosreembolso` text COLLATE utf8mb4_swedish_ci NOT NULL,
  `observacion` text COLLATE utf8mb4_swedish_ci NOT NULL,
  `status` varchar(150) COLLATE utf8mb4_swedish_ci NOT NULL
) ENGINE=InnoDB DEFAULT CHARSET=utf8mb4 COLLATE=utf8mb4_swedish_ci;

-- --------------------------------------------------------

--
-- Estructura de tabla para la tabla `rol`
--

CREATE TABLE `rol` (
  `idrol` bigint(20) NOT NULL,
  `nombrerol` varchar(50) COLLATE utf8mb4_swedish_ci NOT NULL,
  `descripcion` text COLLATE utf8mb4_swedish_ci NOT NULL,
  `status` int(11) NOT NULL DEFAULT 1
) ENGINE=InnoDB DEFAULT CHARSET=utf8mb4 COLLATE=utf8mb4_swedish_ci;

--
-- Volcado de datos para la tabla `rol`
--

INSERT INTO `rol` (`idrol`, `nombrerol`, `descripcion`, `status`) VALUES
(1, 'Administrador', 'Administrador', 1);

-- --------------------------------------------------------

--
-- Estructura de tabla para la tabla `suscripciones`
--

CREATE TABLE `suscripciones` (
  `idsuscripcion` bigint(20) NOT NULL,
  `nombre` varchar(200) COLLATE utf8mb4_swedish_ci NOT NULL,
  `email` varchar(200) COLLATE utf8mb4_swedish_ci NOT NULL,
  `datecreated` datetime NOT NULL DEFAULT current_timestamp()
) ENGINE=InnoDB DEFAULT CHARSET=utf8mb4 COLLATE=utf8mb4_swedish_ci;

--
-- Volcado de datos para la tabla `suscripciones`
--

INSERT INTO `suscripciones` (`idsuscripcion`, `nombre`, `email`, `datecreated`) VALUES
(8, 'Gwerson Aldahir Contreras Serrano', 'gerson@hotmail.com', '2022-04-20 11:34:28');

-- --------------------------------------------------------

--
-- Estructura de tabla para la tabla `tipopago`
--

CREATE TABLE `tipopago` (
  `idtipopago` bigint(20) NOT NULL,
  `tipopago` varchar(100) COLLATE utf8mb4_swedish_ci NOT NULL,
  `status` int(11) NOT NULL DEFAULT 1
) ENGINE=InnoDB DEFAULT CHARSET=utf8mb4 COLLATE=utf8mb4_swedish_ci;

--
-- Volcado de datos para la tabla `tipopago`
--

INSERT INTO `tipopago` (`idtipopago`, `tipopago`, `status`) VALUES
(1, 'PayPal', 1),
(2, 'Efectivo', 1),
(3, 'Tarjeta', 1),
(4, 'Cheque', 1),
(5, 'Despósito Bancario', 1);

--
-- Índices para tablas volcadas
--

--
-- Indices de la tabla `categoria`
--
ALTER TABLE `categoria`
  ADD PRIMARY KEY (`idcategoria`);

--
-- Indices de la tabla `contacto`
--
ALTER TABLE `contacto`
  ADD PRIMARY KEY (`id`);

--
-- Indices de la tabla `detalle_pedido`
--
ALTER TABLE `detalle_pedido`
  ADD PRIMARY KEY (`id`),
  ADD KEY `pedidoid` (`pedidoid`),
  ADD KEY `productoid` (`productoid`);

--
-- Indices de la tabla `detalle_temp`
--
ALTER TABLE `detalle_temp`
  ADD PRIMARY KEY (`id`),
  ADD KEY `productoid` (`productoid`),
  ADD KEY `personaid` (`personaid`);

--
-- Indices de la tabla `imagen`
--
ALTER TABLE `imagen`
  ADD PRIMARY KEY (`id`),
  ADD KEY `productoid` (`productoid`);

--
-- Indices de la tabla `modulo`
--
ALTER TABLE `modulo`
  ADD PRIMARY KEY (`idmodulo`);

--
-- Indices de la tabla `pedido`
--
ALTER TABLE `pedido`
  ADD PRIMARY KEY (`idpedido`),
  ADD KEY `personaid` (`personaid`),
  ADD KEY `tipopagoid` (`tipopagoid`);

--
-- Indices de la tabla `permisos`
--
ALTER TABLE `permisos`
  ADD PRIMARY KEY (`idpermiso`),
  ADD KEY `rolid` (`rolid`),
  ADD KEY `moduloid` (`moduloid`);

--
-- Indices de la tabla `persona`
--
ALTER TABLE `persona`
  ADD PRIMARY KEY (`idpersona`),
  ADD KEY `rolid` (`rolid`);

--
-- Indices de la tabla `post`
--
ALTER TABLE `post`
  ADD PRIMARY KEY (`idpost`);

--
-- Indices de la tabla `producto`
--
ALTER TABLE `producto`
  ADD PRIMARY KEY (`idproducto`),
  ADD KEY `categoriaid` (`categoriaid`);

--
-- Indices de la tabla `reembolso`
--
ALTER TABLE `reembolso`
  ADD PRIMARY KEY (`id`),
  ADD KEY `pedidoid` (`pedidoid`);

--
-- Indices de la tabla `rol`
--
ALTER TABLE `rol`
  ADD PRIMARY KEY (`idrol`);

--
-- Indices de la tabla `suscripciones`
--
ALTER TABLE `suscripciones`
  ADD PRIMARY KEY (`idsuscripcion`);

--
-- Indices de la tabla `tipopago`
--
ALTER TABLE `tipopago`
  ADD PRIMARY KEY (`idtipopago`);

--
-- AUTO_INCREMENT de las tablas volcadas
--

--
-- AUTO_INCREMENT de la tabla `categoria`
--
ALTER TABLE `categoria`
  MODIFY `idcategoria` bigint(20) NOT NULL AUTO_INCREMENT, AUTO_INCREMENT=11;

--
-- AUTO_INCREMENT de la tabla `contacto`
--
ALTER TABLE `contacto`
  MODIFY `id` bigint(20) NOT NULL AUTO_INCREMENT, AUTO_INCREMENT=7;

--
-- AUTO_INCREMENT de la tabla `detalle_pedido`
--
ALTER TABLE `detalle_pedido`
  MODIFY `id` bigint(20) NOT NULL AUTO_INCREMENT, AUTO_INCREMENT=132;

--
-- AUTO_INCREMENT de la tabla `detalle_temp`
--
ALTER TABLE `detalle_temp`
  MODIFY `id` bigint(20) NOT NULL AUTO_INCREMENT;

--
-- AUTO_INCREMENT de la tabla `imagen`
--
ALTER TABLE `imagen`
  MODIFY `id` bigint(20) NOT NULL AUTO_INCREMENT, AUTO_INCREMENT=41;

--
-- AUTO_INCREMENT de la tabla `modulo`
--
ALTER TABLE `modulo`
  MODIFY `idmodulo` bigint(20) NOT NULL AUTO_INCREMENT, AUTO_INCREMENT=10;

--
-- AUTO_INCREMENT de la tabla `pedido`
--
ALTER TABLE `pedido`
  MODIFY `idpedido` bigint(20) NOT NULL AUTO_INCREMENT, AUTO_INCREMENT=63;

--
-- AUTO_INCREMENT de la tabla `permisos`
--
ALTER TABLE `permisos`
  MODIFY `idpermiso` bigint(20) NOT NULL AUTO_INCREMENT, AUTO_INCREMENT=942;

--
-- AUTO_INCREMENT de la tabla `persona`
--
ALTER TABLE `persona`
  MODIFY `idpersona` bigint(20) NOT NULL AUTO_INCREMENT, AUTO_INCREMENT=31;

--
-- AUTO_INCREMENT de la tabla `post`
--
ALTER TABLE `post`
  MODIFY `idpost` bigint(20) NOT NULL AUTO_INCREMENT, AUTO_INCREMENT=10;

--
-- AUTO_INCREMENT de la tabla `producto`
--
ALTER TABLE `producto`
  MODIFY `idproducto` bigint(20) NOT NULL AUTO_INCREMENT, AUTO_INCREMENT=17;

--
-- AUTO_INCREMENT de la tabla `reembolso`
--
ALTER TABLE `reembolso`
  MODIFY `id` bigint(20) NOT NULL AUTO_INCREMENT, AUTO_INCREMENT=3;

--
-- AUTO_INCREMENT de la tabla `rol`
--
ALTER TABLE `rol`
  MODIFY `idrol` bigint(20) NOT NULL AUTO_INCREMENT, AUTO_INCREMENT=15;

--
-- AUTO_INCREMENT de la tabla `suscripciones`
--
ALTER TABLE `suscripciones`
  MODIFY `idsuscripcion` bigint(20) NOT NULL AUTO_INCREMENT, AUTO_INCREMENT=9;

--
-- AUTO_INCREMENT de la tabla `tipopago`
--
ALTER TABLE `tipopago`
  MODIFY `idtipopago` bigint(20) NOT NULL AUTO_INCREMENT, AUTO_INCREMENT=6;

--
-- Restricciones para tablas volcadas
--

--
-- Filtros para la tabla `detalle_pedido`
--
ALTER TABLE `detalle_pedido`
  ADD CONSTRAINT `detalle_pedido_ibfk_1` FOREIGN KEY (`pedidoid`) REFERENCES `pedido` (`idpedido`) ON DELETE CASCADE ON UPDATE CASCADE,
  ADD CONSTRAINT `detalle_pedido_ibfk_2` FOREIGN KEY (`productoid`) REFERENCES `producto` (`idproducto`) ON DELETE CASCADE ON UPDATE CASCADE;

--
-- Filtros para la tabla `detalle_temp`
--
ALTER TABLE `detalle_temp`
  ADD CONSTRAINT `detalle_temp_ibfk_1` FOREIGN KEY (`productoid`) REFERENCES `producto` (`idproducto`) ON DELETE CASCADE ON UPDATE CASCADE;

--
-- Filtros para la tabla `imagen`
--
ALTER TABLE `imagen`
  ADD CONSTRAINT `imagen_ibfk_1` FOREIGN KEY (`productoid`) REFERENCES `producto` (`idproducto`) ON DELETE CASCADE ON UPDATE CASCADE;

--
-- Filtros para la tabla `pedido`
--
ALTER TABLE `pedido`
  ADD CONSTRAINT `pedido_ibfk_1` FOREIGN KEY (`personaid`) REFERENCES `persona` (`idpersona`) ON DELETE CASCADE ON UPDATE CASCADE,
  ADD CONSTRAINT `pedido_ibfk_2` FOREIGN KEY (`tipopagoid`) REFERENCES `tipopago` (`idtipopago`) ON DELETE CASCADE ON UPDATE CASCADE;

--
-- Filtros para la tabla `permisos`
--
ALTER TABLE `permisos`
  ADD CONSTRAINT `permisos_ibfk_1` FOREIGN KEY (`rolid`) REFERENCES `rol` (`idrol`) ON DELETE CASCADE ON UPDATE CASCADE,
  ADD CONSTRAINT `permisos_ibfk_2` FOREIGN KEY (`moduloid`) REFERENCES `modulo` (`idmodulo`) ON DELETE CASCADE ON UPDATE CASCADE;

--
-- Filtros para la tabla `persona`
--
ALTER TABLE `persona`
  ADD CONSTRAINT `persona_ibfk_1` FOREIGN KEY (`rolid`) REFERENCES `rol` (`idrol`) ON DELETE CASCADE ON UPDATE CASCADE;

--
-- Filtros para la tabla `producto`
--
ALTER TABLE `producto`
  ADD CONSTRAINT `producto_ibfk_1` FOREIGN KEY (`categoriaid`) REFERENCES `categoria` (`idcategoria`) ON DELETE CASCADE ON UPDATE CASCADE;

--
-- Filtros para la tabla `reembolso`
--
ALTER TABLE `reembolso`
  ADD CONSTRAINT `reembolso_ibfk_1` FOREIGN KEY (`pedidoid`) REFERENCES `pedido` (`idpedido`) ON DELETE CASCADE ON UPDATE CASCADE;
COMMIT;

/*!40101 SET CHARACTER_SET_CLIENT=@OLD_CHARACTER_SET_CLIENT */;
/*!40101 SET CHARACTER_SET_RESULTS=@OLD_CHARACTER_SET_RESULTS */;
/*!40101 SET COLLATION_CONNECTION=@OLD_COLLATION_CONNECTION */;
